Role,Last Name,First Name,Affiliation,Location,
Director,Goldman, Robert, Northwestern University,,
Investigator,Akkin, Taner, University of Minnesota,,
Investigator,Andersen, Bruce, Idaho Neurologic Institute,,
Investigator,Armstrong, Peter, University of California, Davis,
Investigator,Augustine, George, Korea Institute of Science and Technology, South Korea,
Investigator,Baker, Robert, New York University Langone Medical Center,,
Investigator,Bennett, Michael, Albert Einstein College of Medicine,,
Investigator,Bettencourt-Dias, Monica, Instituto Gulbenkian de Ciencia, Portugal,
Investigator,Bloom, Ona, The Feinstein Institute for Medical Research,,
Investigator,Bodznick, David, Wesleyan University,,
Investigator,Brady, Scott, University of Illinois, Chicago,
Investigator,Burbach, Johannes, Rudolf Magnus Institute of Neuroscience, The Netherlands,
Investigator,Burgess, David, Boston College,,
Investigator,Buxbaum, Joseph, Mount Sinai School of Medicine,,
Investigator,Casey, Elena, Georgetown University,,
Investigator,Chang, Fred, Columbia University,,
Investigator,Chapman, Michael, University of Massachusetts, Amherst,
Investigator,Chiao, Chuan-Chin, National Tsing Hua University, Taiwan,
Investigator,Clay, John, National Institutes of Health,,
Investigator,Colin, Sean, Roger Williams University,,
Investigator,Costello, John, Providence College,,
Investigator,Crawford, Karen, St. Maryís College of Maryland,,
Investigator,Crook, Robyn, University of Texas, Houston,
Investigator,DíUrso, Gennaro, University of Miami,,
Investigator,David-Adekanmbi, Joan, University of Ilorin, Nigeria,
Investigator,Fay, Richard, Loyola University,,
Investigator,Field, Christine, Harvard Medical School,,
Investigator,Finkel, Omri, Hebrew University, Israel,
Investigator,Fishman, Harvey, University of Texas Medical School, Houston,
Investigator,Forlano, Paul, City University of New York,,
Investigator,Fremont-Carli, Rachel, Albert Einstein College of Medicine,,
Investigator,Gadsby, David, The Rockefeller University,,
Investigator,Galbraith, Catherine, National Institutes of Health,,
Investigator,Galbraith, James, National Institutes of Health,,
Investigator,Ghochani, Mariam, National Institutes of Health,,
Investigator,Gillis, J. Andrew, Dalhousie University, Canada,
Investigator,Gladfelter, Amy, Dartmouth College,,
Investigator,Goeritz, Marie-Luise, Brandeis University,,
Investigator,Goldman, Robert, Northwestern University Medical School,,
Investigator,Gomez, Maria, Boston University,,
Investigator,Goshima, Gohta, Nagoya University, Japan,
Investigator,Gould, Robert, HÙpital de la PitiÈ-SalpÍtriËre, France,
Investigator,Grainger, Robert, University of Virginia,,
Investigator,Grant, Philip, National Institutes of Health,,
Investigator,Green, William, University of Chicago,,
Investigator,Gross, Jeffrey, University of Texas, Austin,
Investigator,Grove, Charlotte, New York University,,
Investigator,Gundersen, Gregg, Columbia University,,
Investigator,Hadjisolomou, Stavros, Brooklyn College of the City University of New York,,
Investigator,Hardwick, J. Marie, Johns Hopkins University,,
Investigator,Haspel, Gal, National Institutes of Health,,
Investigator,Hershko, Avram, Technion-Israel Institute of Technology, Israel,
Investigator,Hill, Susan, Michigan State University,,
Investigator,Hines, Michael, Yale University,,
Investigator,Holmgren, Miguel, National Institutes of Health,,
Investigator,Hunt, David, Albert Einstein College of Medicine,,
Investigator,Iglesias, Teresa, University of California, Davis,
Investigator,Janson, Marcel, Wageningen University, The Netherlands,
Investigator,Jeffery, William, University of Maryland,,
Investigator,Jonas, Elizabeth, Yale University,,
Investigator,Kaczmarek, Leonard, Yale University,,
Investigator,Kaupp, U. Benjamin, Center for Advanced European Studies & Research, Germany,
Investigator,Khan, Shahid, Molecular Biology Consortium, Chicago,
Investigator,Kramer, Richard, University of California, Berkeley,
Investigator,Landowne, David, University of Miami,,
Investigator,Larson, Roy, Faculdade de Medicina de Ribeir„o Preto, University of Sao Paulo,
Investigator,Laskin, Jeffrey, University of Medicine and Dentistry of New Jersey-Robert Wood Johnson Medical School,,
Investigator,Laufer, Hans, University of Connecticut,, Portugal
Investigator,Lenart, Peter, European Molecular Biology Laboratory, Germany,
Investigator,Levinson, Simon, University of Colorado Medical School,,
Investigator,Lisman, John, Brandeis University,,
Investigator,Llin·s, Rodolfo, New York University School of Medicine,,
Investigator,Lowe, Christopher, Stanford University,,
Investigator,Lytton, William, State University of New York, Downstate,
Investigator,Mabuchi, Issei, Gakushuin University, Japan,
Investigator,Malchow, Robert, University of Illinois, Chicago,
Investigator,Mead Vetter, Kristina, Denison University,,
Investigator,Mensinger, Allen, University of Minnesota,,
Investigator,Miller, Andrew, Hong Kong University of Science and Technology, Hong Kong,
Investigator,Misgeld, Thomas, Technische Universitat Munchen, Germany,
Investigator,Mitchison, Timothy, Harvard Medical School,,
Investigator,Moreira, Jorge, University of Sao Paolo, Brazil,
Investigator,Morfini, Gerardo, University of Illinois,,
Investigator,OíToole, George, The Geisel School of Medicine at Dartmouth,,
Investigator,Pant, Harish, National Institutes of Health,,
Investigator,Pereda, Alberto, Albert Einstein College of Medicine,,
Investigator,Peshkin, Leon, Harvard University,,
Investigator,Pethig, Ronald, University of Edinburgh, Scotland,
Investigator,Radford, Craig, University of Auckland, New Zealand,
Investigator,Ratner, Nancy, Cincinnati Childrenís Hospital Medical Center,,
Investigator,Reese, Tom, National Institutes of Health,,
Investigator,Ripps, Harris, University of Illinois, College of Medicine,
Investigator,Rome, Lawrence, University of Pennsylvania,,
Investigator,Rosenberg, Robert, Earlham College,,
Investigator,Rosenthal, Joshua, Universidad de Puerto Rico,,
Investigator,Ross, William, New York Medical College,,
Investigator,Salmon, Edward, University of North Carolina at Chapel Hill,,
Investigator,Schmidt, Christoph, University of Goettingen, Germany,
Investigator,Shepherd, Gordon, Northwestern University,,
Investigator,Sisneros, Joseph, University of Washington,,
Investigator,Sloboda, Roger, Dartmouth College,,
Investigator,Sluder, Greenfield, University of Massachusetts Medical School,,
Investigator,Sturley, Stephen, Columbia University Medical Center,,
Investigator,Sugimori, Mutsuyuki, New York University School of Medicine,,
Investigator,Tamm, Sidney, Boston University,,
Investigator,Terasaki, Mark, University of Connecticut Health Center,,
Investigator,Tsuda, Sachiko, Duke-National University of Singapore, Singapore,
Investigator,Tzounopoulos, Thanos, University of Pittsburgh,,
Investigator,Vale, Ron, University of California, San Francisco,
Investigator,Waterman, Clare, National Institutes of Health,,
Investigator,Webb, Jacqueline, University of Rhode Island,,
Investigator,Wessel, Gary, Brown University,,
Investigator,Yasuda, Ryohei, Duke University Medicine Center,,
Investigator,Zee, Michele (Jade), Northeastern University,,
Investigator,Zimmerberg, Joshua, National Institutes of Health,,
Investigator,Zornik, Erik, University of Utah,,
Investigator,Zottoli, Steven, Williams College,,
Investigator,Zukin, R. Suzanne, Albert Einstein College of Medicine,,
Other Whitman Center Personnel,Abdurakhmanov, Izrail, Hunter College,,
Other Whitman Center Personnel,Alavian, Kambiz, Yale University,,
Other Whitman Center Personnel,Alber, Merryl, University of Georgia,,
Other Whitman Center Personnel,Alcantara, Lyonna, Florida State University,,
Other Whitman Center Personnel,Anastassov, Ivan, Hunter College and Graduate Center of the City University of New York,,
Other Whitman Center Personnel,Andersen, Bruce, Idaho Neurologic Institute,,
Other Whitman Center Personnel,Anderson, Charles, University of Pittsburgh,,
Other Whitman Center Personnel,Appeldoorn, Eric, University of Puerto Rico, Rio Piedras,
Other Whitman Center Personnel,Arenas Sabogal, Oscar Mauricio, Universidad Nacional de Colombia, Colombia,
Other Whitman Center Personnel,Atilgan, Erdinc, Columbia University,,
Other Whitman Center Personnel,Bento, Ines, Gulbenkian Institute of Science, Portugal,
Other Whitman Center Personnel,Berth, Sarah, University of Illinois, Chicago,
Other Whitman Center Personnel,Bhasin, Archna,,,
Other Whitman Center Personnel,Black, Adam, University of Minnesota,,
Other Whitman Center Personnel,Boelman, Natalie, Columbia University,,
Other Whitman Center Personnel,Booth, Harriet, Brown University,,
Other Whitman Center Personnel,Bridges, Andrew, Dartmouth College,,
Other Whitman Center Personnel,Bump, Paul, University of Hawaiíi at Manoa,,
Other Whitman Center Personnel,Byerly, Mardi, Johns Hopkins University School of Medicine,,
Other Whitman Center Personnel,Caporale-Berkowitz, Norian, Brown University,,
Other Whitman Center Personnel,Carter, Sarah, Carleton College,,
Other Whitman Center Personnel,Case, Lindsay, National Institutes of Health,,
Other Whitman Center Personnel,Castellanos, Alexandra, New York University School of Medicine,,
Other Whitman Center Personnel,Chan, Ching, Hong Kong University of Science and Technology, Hong Kong,
Other Whitman Center Personnel,Chen, Ming, University of Connecticut,,
Other Whitman Center Personnel,Chen, Susu, Duke-National University of Singapore Graduate Medical School,,
Other Whitman Center Personnel,Choo, Hyunah, Korea Institute of Science and Technology, South Korea,
Other Whitman Center Personnel,Cleland, Megan, Northwestern University Medical School,,
Other Whitman Center Personnel,Cole, Andy, National Institutes of Health,,
Other Whitman Center Personnel,Conant, Alexander, National Institutes of Health,,
Other Whitman Center Personnel,Conaty, Eliza, Providence College,,
Other Whitman Center Personnel,de Keijzer, Jeroen, Wageningen University, The Netherlands,
Other Whitman Center Personnel,DeLeo, Nick, Providence College,,
Other Whitman Center Personnel,Dell, Karen, University of California, San Francisco,
Other Whitman Center Personnel,DeVries, Peter, University of Wisconsin, Madison,
Other Whitman Center Personnel,Dickson, Katharine, George Mason University,,
Other Whitman Center Personnel,Duarte, Paulo, Gulbenkian Institute of Science, Portugal,
Other Whitman Center Personnel,Dubinsky, Janet, University of Minnesota,,
Other Whitman Center Personnel,Dzakpasu, Rhonda, Georgetown University,,
Other Whitman Center Personnel,Echeverry, Fabio, Center of Advanced European Studies and Research, Germany,
Other Whitman Center Personnel,Eisen, Noah, Yale University,,
Other Whitman Center Personnel,Fakhri, Nikta, Georg-August Universitaet, Germany,
Other Whitman Center Personnel,Figueredo, Jacqueline, Boston College,,
Other Whitman Center Personnel,Fischer, Robert, National Institutes of Health,,
Other Whitman Center Personnel,Formenti-Ujlaki, George, New York University School of Medicine,,
Other Whitman Center Personnel,Fox, Cory, University of Connecticut,,
Other Whitman Center Personnel,Freilich, Mara, Brown University,,
Other Whitman Center Personnel,Fritzenwanker, Jens, Hopkins Marine Station, Stanford University,
Other Whitman Center Personnel,Gainer, Harold, National Institutes of Health,,
Other Whitman Center Personnel,Garrett, Sandra, Institute of Neurobiology,,
Other Whitman Center Personnel,Germeyan, Sierra, Williams College,,
Other Whitman Center Personnel,Goda, Makoto, Kyoto University, Japan,
Other Whitman Center Personnel,Goldman, Anne, Northwestern University Medical School,,
Other Whitman Center Personnel,Goldstein, Richard, Boston University School of Medicine,,
Other Whitman Center Personnel,Gonzalez, Paul, Stanford University,,
Other Whitman Center Personnel,Gordon, Marion, Ernest Mario School of Pharmacy, Rutgers University,
Other Whitman Center Personnel,Gray, Jessica, Harvard Medical School,,
Other Whitman Center Personnel,Groen, Aaron, Harvard Medical School,,
Other Whitman Center Personnel,Guerrero, Adan, Gulbenkian Institute of Science, Portugal,
Other Whitman Center Personnel,Han, Young eun, Korea Institute of Science and Technology, South Korea,
Other Whitman Center Personnel,Heck, Diane, New York Medical College,,
Other Whitman Center Personnel,Hendershott, Melissa, University of California, San Francisco,
Other Whitman Center Personnel,Herman, Paige, The Feinstein Institute for Medical Research,,
Other Whitman Center Personnel,Ho, Sarah, Hong Kong University of Science and Technology, Hong Kong,
Other Whitman Center Personnel,Hupe, Ginette, Johns Hopkins University,,
Other Whitman Center Personnel,Ip, Jacques, Hong Kong University of Science and Technology, Hong Kong,
Other Whitman Center Personnel,Ishihara, Keisuke, Harvard Medical School,,
Other Whitman Center Personnel,Jaffe, Laurinda, University of Connecticut Health Center,,
Other Whitman Center Personnel,Jamal, Jamila, Oberlin College,,
Other Whitman Center Personnel,Jana, Swadhin, Gulbenkian Institute of Science, Portugal,
Other Whitman Center Personnel,Jandreski, Luke, Tufts Cummings School of Veterinary Medicine,,
Other Whitman Center Personnel,Jaspers, Cornelia, Technical University, Denmark,
Other Whitman Center Personnel,Jongerius, Aniek, Wageningen University, The Netherlands,
Other Whitman Center Personnel,Jonsson, Erik, University of California, San Francisco,
Other Whitman Center Personnel,Kaicher, Jonathan, United States Military Academy,,
Other Whitman Center Personnel,Keeley, Daniel, Bridgewater State University,,
Other Whitman Center Personnel,Kelu, Jeffrey, Hong Kong University of Science and Technology, Hong Kong,
Other Whitman Center Personnel,Kerney, Ryan, Gettysburg College,,
Other Whitman Center Personnel,Kingston, Alexandra, University of Maryland, Baltimore,
Other Whitman Center Personnel,Koenig, Kristen, University of Texas, Austin,
Other Whitman Center Personnel,Kuhn, Hallie, Harvard Medical School,,
Other Whitman Center Personnel,LaPointe, Nichole, University of California, Santa Barbara,
Other Whitman Center Personnel,Larsen, Morten, University of Southern Denmark, Denmark,
Other Whitman Center Personnel,Leal, Filipe, Instituto Gulbenkian de Ciencia, Portugal,
Other Whitman Center Personnel,Lee, Chi, Hong Kong University of Science and Technology, Hong Kong,
Other Whitman Center Personnel,Levoy, Marc, Stanford University,,
Other Whitman Center Personnel,Lico, Diego, University of Sao Paulo, Brazil,
Other Whitman Center Personnel,Loiseau, Shamelia, Hunter College,,
Other Whitman Center Personnel,Loose, Martin, Harvard Medical School,,
Other Whitman Center Personnel,Lopes, Gabriel, University of Sao Paulo, Brazil,
Other Whitman Center Personnel,Lowe, Christian, University of Chicago,,
Other Whitman Center Personnel,Lucas, Kelsey, Roger Williams University,,
Other Whitman Center Personnel,Marcello, Nicholas, Providence College,,
Other Whitman Center Personnel,Marranzino, Ashley, Regis University,,
Other Whitman Center Personnel,McAnelly, Mary, University of Texas,,
Other Whitman Center Personnel,McDougal, Robert, Yale University,,
Other Whitman Center Personnel,McKinney, Carissa, University of Delaware,,
Other Whitman Center Personnel,Miki, Tomohiro, Nagoya University, Japan,
Other Whitman Center Personnel,Minnig, Margaret, Northeastern University,,
Other Whitman Center Personnel,Miyake, Katsuya, Kagawa University, Japan,
Other Whitman Center Personnel,Miyazaki, Kenichi, New York Medical College,,
Other Whitman Center Personnel,Mo, Wing, Hong Kong Baptist University, Hong Kong,
Other Whitman Center Personnel,Mohr, Robert, University of Washington,,
Other Whitman Center Personnel,Monestime, Camillia, Brooklyn College,,
Other Whitman Center Personnel,Montenegro Gouveia, Susana, Gulbenkian Institute of Science, Portugal,
Other Whitman Center Personnel,Nakaoka, Yuki, Nagoya University, Japan,
Other Whitman Center Personnel,Nalven, Sarah, Colby College,,
Other Whitman Center Personnel,Naylor, Ethan, Indiana Wesleyan University,,
Other Whitman Center Personnel,Nelson, Frank, University of Pennsylvania,,
Other Whitman Center Personnel,Newkirk, Casandra, Claflin University,,
Other Whitman Center Personnel,Nguyen, Phuong Anh, Harvard Medical School,,
Other Whitman Center Personnel,Nguyen, Lynn Nhi, University of Utah,,
Other Whitman Center Personnel,Oh, Soo-Jin, Korea Institute of Science and Technology,,
Other Whitman Center Personnel,Osorno Ferro, Tomas, Universidad Nacional de Colombia, Colombia,
Other Whitman Center Personnel,Otmakhov, Nikolai, Brandeis University,,
Other Whitman Center Personnel,Paranal, Ryan, Providence College,,
Other Whitman Center Personnel,Park, Sung Young, Korea Institute of Science and Technology, South Korea,
Other Whitman Center Personnel,Peinado Allina, Gabriel, Universidad Nacional de Colombia, Colombia,
Other Whitman Center Personnel,Penaranda, Saul, Hunter College,,
Other Whitman Center Personnel,Pereira-Leal, Jose, Instituto Gulbenkian de Ciencia, Portugal,
Other Whitman Center Personnel,Petry, Sabine, University of California, San Francisco,
Other Whitman Center Personnel,Pinto, Joana, European Molecular Biology Laboratory, Germany,
Other Whitman Center Personnel,Poidomani, Paul, Providence College,,
Other Whitman Center Personnel,Rao, Geeta, Johns Hopkins University,,
Other Whitman Center Personnel,Renz, Malte, National Institutes of Health,,
Other Whitman Center Personnel,Ribbans, John, Brown University,,
Other Whitman Center Personnel,Roberson, Loretta, University of Puerto Rico,,
Other Whitman Center Personnel,Rosenblum, Jared, National Institutes of Health,,
Other Whitman Center Personnel,Ross, Nechama, New York Medical College,,
Other Whitman Center Personnel,Salmon, Kate, The Open University, United Kingdom,
Other Whitman Center Personnel,Sama, Reddy Ranjith Kumar, University of Massachusetts Medical School,,
Other Whitman Center Personnel,Santos, Zita, Gulbenkian Institute of Science, Portugal,
Other Whitman Center Personnel,Schmidt, Nadine, University Kaiserslautern, Germany,
Other Whitman Center Personnel,Schmidt, Marian, Harvard University,,
Other Whitman Center Personnel,Seifert, Reinhard, Center for Advanced European Studies & Research, Germany,
Other Whitman Center Personnel,Shimi, Takeshi, Northwestern University Medical School,,
Other Whitman Center Personnel,Sideris, Michael, Hunter College,,
Other Whitman Center Personnel,Skau, Colleen, National Institutes of Health,,
Other Whitman Center Personnel,Smith, Richard, University of Cambridge, United Kingdom,
Other Whitman Center Personnel,Song, Yuyu, Childrenís Hospital Boston/Harvard Medical School,,
Other Whitman Center Personnel,Song, Sang-Ho, Korea Institute of Science and Technology, South Korea,
Other Whitman Center Personnel,Steinacker, Antoinette, University of Puerto Rico Medical Sciences Campus,,
Other Whitman Center Personnel,Stephansky, Ryan, Bridgewater State University,,
Other Whitman Center Personnel,Struenker, Timo, Center for Advanced European Studies & Research, Germany,
Other Whitman Center Personnel,Sutherland, Kelly, University of Oregon,,
Other Whitman Center Personnel,Sznapka, Magdalena, Center for Advanced European Studies & Research, Germany,
Other Whitman Center Personnel,Tam, Jenny, Massachusetts General Hospital,,
Other Whitman Center Personnel,Terminel, Mabel, University of Texas at El Paso,,
Other Whitman Center Personnel,Tully, Katherine, The Earth Institute, Columbia University,
Other Whitman Center Personnel,Uhlinger, Kevin, Stanford University,,
Other Whitman Center Personnel,van Brummen, Alexandra, University of Texas, Austin,
Other Whitman Center Personnel,Verardo, Andrew, Georgetown University,,
Other Whitman Center Personnel,Verde, Fulvia, University of Miami School of Medicine,,
Other Whitman Center Personnel,Wache, Susanne, South Arkansas Community College,,
Other Whitman Center Personnel,Wallace, Shana, Bates College,,
Other Whitman Center Personnel,Walters, Edgar, University of Texas Medical School, Houston,
Other Whitman Center Personnel,Wang, Han, Rensselaer Polytechnic Institute,,
Other Whitman Center Personnel,Wang, Hui, University of Minnesota,,
Other Whitman Center Personnel,Waraniak, Justin, University of Michigan,,
Other Whitman Center Personnel,Ward, Elisabeth, Brown University,,
Other Whitman Center Personnel,Wilbanks, Elizabeth, University of California, Davis,
Other Whitman Center Personnel,Xu, Yuan, Ocean University of China, China,
Other Whitman Center Personnel,Yeh, Yi-Jou, University of Minnesota,,
Other Whitman Center Personnel,Yung, Mana, Hong Kong University, Hong Kong,
Other Whitman Center Personnel,Zakevicius, Jane, Hunter College, City University of New York,
Other Whitman Center Personnel,Zemmar, Ajmal, New York University School of Medicine,,
Other Whitman Center Personnel,Zhang, Huaiying, Dartmouth College,,
Other Whitman Center Personnel,Zhu, Junfeng, University of Minnesota,,